customer_id,plan_type,monthly_charge,tenure_months,total_charges,contract_type,payment_method,num_tickets,avg_satisfaction,created_at,churn_status
1,standard,35.55,51,1794.73,two_year,bank_transfer,4,4.02,2023-04-26,0
2,basic,15.48,14,193.95,month-to-month,bank_transfer,1,2.61,2023-08-08,1
3,basic,14.15,71,1002.99,one_year,credit_card,0,4.86,2023-09-10,0
4,basic,13.11,60,810.83,month-to-month,credit_card,0,4.56,2023-06-18,0
5,standard,32.68,20,,month-to-month,credit_card,3,2.12,2023-11-12,1
6,basic,13.51,23,344.3,month-to-month,bank_transfer,1,2.76,2024-01-07,1
7,standard,29.85,2,77.9,one_year,cash,0,4.27,2024-08-05,0
8,standard,28.08,21,560.39,month-to-month,bank_transfer,0,4.23,2023-06-05,0
9,basic,10.45,52,535.74,one_year,credit_card,2,5.0,2024-09-05,0
10,premium,52.01,1,31.2,two_year,bank_transfer,1,2.62,2023-01-13,1
11,standard,28.49,29,839.51,one_year,cash,5,,2024-05-22,0
12,basic,14.21,37,506.01,one_year,bank_transfer,2,2.59,2024-04-09,0
13,premium,54.34,1,21.92,two_year,cash,2,,2023-08-08,0
14,basic,14.73,63,921.48,two_year,credit_card,0,4.39,2023-01-15,0
15,standard,28.53,59,1706.66,one_year,credit_card,2,1.0,2023-04-27,0
16,standard,34.05,20,677.15,two_year,cash,3,4.41,2023-11-27,0
17,standard,32.84,32,1058.85,two_year,bank_transfer,3,4.88,2023-02-25,0
18,premium,54.59,57,3120.37,two_year,credit_card,2,4.6,2023-12-17,0
19,standard,30.76,21,615.71,month-to-month,bank_transfer,1,5.0,2023-05-12,0
20,standard,28.88,48,1368.25,month-to-month,cash,1,4.47,2023-08-14,0
21,basic,10.0,58,580.13,month-to-month,bank_transfer,1,2.96,2023-11-04,0
22,basic,15.06,41,606.31,month-to-month,bank_transfer,1,4.74,2024-04-19,0
23,premium,55.92,59,3333.37,one_year,credit_card,1,2.91,2023-08-10,0
24,standard,25.16,14,327.67,one_year,bank_transfer,2,3.58,2023-06-22,0
25,standard,31.5,61,1903.31,two_year,bank_transfer,5,4.33,2023-12-06,0
26,standard,29.16,61,1784.57,month-to-month,cash,1,3.95,2024-05-20,0
27,standard,31.01,46,1413.9,two_year,cash,1,4.85,2023-06-06,0
28,basic,14.25,61,811.41,one_year,cash,2,5.0,2023-05-31,0
29,standard,33.75,50,1726.19,one_year,credit_card,1,2.36,2024-11-27,0
30,standard,30.68,54,1635.23,two_year,bank_transfer,0,3.17,2023-06-27,0
31,basic,18.01,63,1145.85,one_year,bank_transfer,3,3.82,2024-06-16,0
32,basic,18.25,2,11.43,month-to-month,bank_transfer,3,3.04,2023-04-22,1
33,basic,11.64,50,564.74,two_year,bank_transfer,5,3.42,2024-11-13,0
34,standard,27.78,6,134.22,month-to-month,cash,2,4.28,2023-05-18,1
35,premium,56.35,20,1112.18,month-to-month,bank_transfer,0,4.14,2023-08-21,0
36,basic,13.9,38,515.31,two_year,bank_transfer,1,3.75,2023-11-28,0
37,basic,14.28,17,240.11,month-to-month,credit_card,3,3.65,2024-06-25,1
38,standard,33.86,3,94.13,one_year,credit_card,4,3.28,2023-11-03,0
39,standard,29.07,59,1686.3,month-to-month,bank_transfer,4,4.9,2023-06-10,0
40,standard,27.09,13,341.69,two_year,bank_transfer,2,5.0,2024-02-06,0
41,standard,27.5,8,248.94,month-to-month,credit_card,1,4.52,2024-08-12,0
42,standard,36.55,52,1927.17,two_year,credit_card,1,2.35,2023-10-05,0
43,standard,29.47,1,,one_year,bank_transfer,1,3.24,2023-11-16,0
44,premium,50.91,59,3016.95,month-to-month,credit_card,0,3.7,2024-06-16,0
45,premium,49.69,70,3519.52,one_year,credit_card,2,2.56,2024-05-11,0
46,basic,13.13,43,576.01,two_year,credit_card,2,3.58,2023-12-29,0
47,basic,14.41,7,113.75,month-to-month,credit_card,0,3.52,2024-01-07,1
48,basic,17.85,46,789.81,month-to-month,credit_card,1,4.58,2024-10-16,0
49,standard,32.56,34,1084.79,month-to-month,credit_card,2,3.0,2023-02-05,1
50,premium,54.98,35,1923.65,month-to-month,bank_transfer,2,4.66,2023-10-30,0
51,standard,28.64,49,1387.21,one_year,cash,3,2.54,2024-03-13,0
52,basic,16.02,3,28.1,one_year,bank_transfer,2,2.68,2023-02-01,1
53,standard,24.75,1,,month-to-month,bank_transfer,4,3.12,2023-07-05,1
54,standard,35.94,5,151.23,month-to-month,credit_card,2,3.55,2023-06-23,1
55,basic,16.96,53,883.05,one_year,credit_card,1,1.08,2024-07-19,0
56,standard,32.6,3,104.59,month-to-month,bank_transfer,0,3.96,2024-11-03,0
57,standard,26.78,53,1455.27,month-to-month,credit_card,2,5.0,2023-09-07,0
58,standard,33.85,62,2114.64,two_year,bank_transfer,2,4.15,2023-10-06,0
59,basic,13.62,17,244.26,one_year,bank_transfer,3,3.29,2024-11-13,0
60,basic,12.14,43,489.55,one_year,bank_transfer,1,2.42,2024-11-25,0
61,standard,29.88,33,,two_year,credit_card,2,1.69,2023-01-02,0
62,basic,14.81,61,902.07,month-to-month,credit_card,3,1.86,2023-07-13,1
63,standard,26.76,13,353.69,two_year,bank_transfer,0,3.37,2023-06-15,0
64,standard,27.32,47,1276.83,month-to-month,credit_card,1,5.0,2023-04-20,0
65,standard,27.08,14,412.36,month-to-month,bank_transfer,3,1.0,2024-01-15,1
66,premium,52.11,71,3700.87,month-to-month,bank_transfer,1,4.2,2024-08-05,0
67,standard,28.84,61,1762.24,month-to-month,cash,1,2.82,2024-11-06,0
68,basic,10.83,39,383.12,one_year,credit_card,4,3.16,2023-10-12,0
69,standard,27.93,52,1450.23,month-to-month,cash,0,2.56,2024-02-25,0
70,standard,33.14,23,785.21,month-to-month,bank_transfer,2,2.13,2023-04-23,1
71,standard,32.47,25,822.86,month-to-month,credit_card,4,3.63,2023-08-16,0
72,basic,11.85,59,656.04,month-to-month,credit_card,2,3.76,2024-04-15,0
73,premium,57.87,40,2305.81,one_year,bank_transfer,2,4.17,2024-06-11,0
74,standard,24.1,28,709.44,month-to-month,credit_card,2,1.81,2024-05-10,1
75,basic,22.29,14,309.05,one_year,credit_card,1,4.37,2023-01-31,0
76,basic,18.9,44,838.05,month-to-month,credit_card,1,4.39,2023-06-11,0
77,basic,13.32,64,884.86,one_year,cash,2,3.92,2024-01-13,0
78,premium,56.15,70,3927.41,two_year,bank_transfer,1,3.08,2024-03-21,0
79,basic,10.8,8,102.22,month-to-month,bank_transfer,2,3.81,2024-03-02,0
80,basic,15.18,0,8.23,one_year,credit_card,0,3.34,2024-11-26,1
81,premium,54.45,7,393.65,month-to-month,credit_card,0,4.47,2024-05-18,0
82,standard,27.5,62,1712.58,month-to-month,bank_transfer,2,3.13,2024-06-10,0
83,basic,13.59,10,124.95,two_year,bank_transfer,3,3.61,2024-11-14,0
84,basic,13.3,7,84.14,month-to-month,credit_card,0,1.76,2024-06-15,1
85,basic,11.6,34,377.31,month-to-month,bank_transfer,3,3.81,2024-08-04,0
86,basic,12.43,34,389.83,one_year,cash,2,2.75,2024-06-03,0
87,standard,25.67,32,846.33,month-to-month,bank_transfer,3,4.01,2023-02-03,0
88,basic,17.57,4,70.48,two_year,bank_transfer,1,4.29,2024-11-21,0
89,basic,12.2,40,511.88,month-to-month,cash,2,2.89,2024-05-04,1
90,standard,26.33,27,742.22,two_year,credit_card,0,3.53,2024-09-11,0
91,standard,32.52,6,196.19,one_year,bank_transfer,2,3.67,2024-02-27,0
92,standard,31.11,71,2182.54,one_year,cash,1,3.87,2024-04-12,0
93,standard,32.41,11,352.59,two_year,credit_card,0,4.29,2023-01-24,0
94,standard,32.75,33,,month-to-month,bank_transfer,3,4.16,2023-08-04,0
95,standard,35.81,32,1106.32,two_year,bank_transfer,1,3.12,2023-02-24,0
96,standard,29.53,47,1377.88,month-to-month,bank_transfer,2,5.0,2023-01-26,0
97,standard,25.63,22,562.43,month-to-month,bank_transfer,1,4.25,2023-10-08,0
98,premium,55.81,61,3391.54,month-to-month,cash,0,4.91,2023-11-23,0
99,basic,12.99,36,452.21,month-to-month,bank_transfer,0,3.85,2023-07-05,0
100,standard,27.13,43,1141.04,month-to-month,credit_card,1,3.91,2024-05-09,0
101,basic,15.3,34,524.12,two_year,cash,2,3.38,2023-01-12,0
102,standard,32.6,64,2123.79,two_year,credit_card,1,3.06,2024-10-02,0
103,standard,27.49,46,1290.11,two_year,credit_card,1,4.48,2024-03-09,0
104,premium,58.82,2,130.71,month-to-month,bank_transfer,1,3.76,2023-07-27,0
105,basic,12.03,0,13.51,one_year,bank_transfer,0,3.37,2023-05-13,0
106,standard,29.27,4,114.43,month-to-month,bank_transfer,0,2.48,2023-12-05,1
107,standard,31.16,13,368.99,month-to-month,cash,0,5.0,2023-07-15,1
108,standard,28.84,26,742.45,month-to-month,bank_transfer,1,3.61,2023-09-19,0
109,standard,24.67,8,177.97,month-to-month,bank_transfer,3,2.27,2023-10-09,1
110,standard,32.78,14,462.01,one_year,credit_card,1,3.58,2024-01-04,0
111,standard,28.13,41,1177.99,one_year,cash,2,3.3,2023-04-13,0
112,standard,32.23,50,1650.97,month-to-month,cash,3,3.26,2024-09-23,1
113,standard,26.21,62,1626.31,month-to-month,bank_transfer,0,4.08,2023-07-02,0
114,basic,11.72,51,564.38,month-to-month,credit_card,1,3.3,2024-02-27,0
115,premium,57.59,3,174.02,month-to-month,credit_card,2,3.19,2023-01-09,1
116,standard,31.02,22,684.24,two_year,credit_card,2,4.86,2024-07-10,0
117,premium,53.68,14,765.1,month-to-month,credit_card,5,1.76,2023-09-01,1
118,basic,16.07,42,674.56,month-to-month,credit_card,4,3.45,2024-09-15,0
119,premium,52.14,28,1461.25,month-to-month,cash,2,4.43,2024-07-20,0
120,premium,55.33,35,1923.91,two_year,bank_transfer,1,4.13,2024-01-28,0
121,standard,30.39,12,358.44,two_year,credit_card,0,4.52,2024-06-10,0
122,standard,28.88,31,905.54,one_year,credit_card,2,5.0,2023-02-06,0
123,standard,27.49,70,1884.13,one_year,credit_card,2,5.0,2023-06-27,0
124,premium,55.21,58,3195.83,month-to-month,credit_card,3,2.34,2024-09-30,0
125,standard,29.84,27,819.44,month-to-month,credit_card,1,1.89,2024-09-20,0
126,basic,13.6,65,916.81,two_year,credit_card,1,3.83,2023-03-13,0
127,standard,26.9,41,1094.93,one_year,bank_transfer,1,2.15,2023-12-18,0
128,premium,55.04,44,2445.47,one_year,cash,2,1.57,2024-09-14,0
129,premium,53.61,61,3304.01,one_year,credit_card,0,3.82,2023-05-29,0
130,premium,51.9,56,2898.69,one_year,bank_transfer,1,4.07,2024-11-27,0
131,standard,30.13,5,139.49,one_year,cash,0,5.0,2023-04-15,0
132,basic,19.82,27,,two_year,credit_card,2,4.27,2024-10-20,0
133,basic,13.9,27,373.66,two_year,credit_card,1,5.0,2023-08-09,0
134,basic,19.49,43,859.89,one_year,cash,4,3.86,2024-01-09,0
135,basic,21.34,29,603.39,one_year,credit_card,1,2.36,2024-06-01,0
136,standard,27.14,61,1686.3,month-to-month,bank_transfer,0,4.32,2023-09-17,0
137,basic,15.03,61,900.81,one_year,bank_transfer,1,4.83,2023-10-26,0
138,standard,36.31,0,0.0,month-to-month,credit_card,2,3.89,2023-02-11,1
139,premium,54.64,26,1431.12,one_year,credit_card,0,4.95,2024-05-06,0
140,standard,30.11,61,1861.32,two_year,bank_transfer,0,3.38,2024-03-14,0
141,premium,49.99,2,103.55,one_year,credit_card,2,4.05,2023-02-16,0
142,standard,28.41,69,1968.99,month-to-month,credit_card,5,3.33,2023-03-26,0
143,basic,16.67,71,1222.66,month-to-month,bank_transfer,0,5.0,2024-11-16,0
144,standard,37.29,26,994.43,month-to-month,bank_transfer,0,4.34,2023-02-27,0
145,basic,14.41,8,115.9,one_year,credit_card,0,2.38,2023-07-28,0
146,standard,25.01,61,1516.99,month-to-month,cash,3,5.0,2023-09-05,0
147,standard,25.78,36,949.98,month-to-month,credit_card,4,2.77,2023-07-30,1
148,basic,14.89,50,761.09,month-to-month,cash,3,3.51,2023-02-08,1
149,basic,18.53,43,805.16,one_year,bank_transfer,0,3.97,2023-09-09,0
150,standard,31.91,23,727.39,one_year,bank_transfer,1,4.05,2024-10-04,0
151,premium,56.38,58,3268.51,month-to-month,bank_transfer,3,3.98,2024-02-17,0
152,standard,33.93,31,1048.88,month-to-month,cash,2,2.37,2024-03-21,1
153,standard,27.84,51,1413.63,month-to-month,credit_card,1,3.99,2023-02-21,0
154,basic,15.06,61,906.64,one_year,bank_transfer,1,4.6,2024-01-09,0
155,standard,28.44,57,1626.38,one_year,credit_card,3,4.57,2024-06-09,0
156,standard,29.19,51,1475.76,month-to-month,credit_card,1,2.2,2023-06-05,0
157,standard,26.98,11,300.33,one_year,credit_card,2,2.84,2024-06-25,1
158,premium,53.97,38,2008.86,month-to-month,cash,2,2.46,2023-03-31,1
159,standard,29.92,1,17.92,two_year,cash,2,3.84,2024-11-09,0
160,premium,53.89,2,129.75,month-to-month,credit_card,0,1.95,2023-12-17,1
161,premium,54.52,55,2980.59,month-to-month,credit_card,4,2.38,2023-03-10,1
162,basic,16.22,58,952.6,month-to-month,bank_transfer,1,2.83,2023-06-12,0
163,standard,33.72,1,17.37,one_year,bank_transfer,1,1.7,2023-08-30,1
164,premium,58.93,1,74.45,two_year,credit_card,0,3.47,2024-05-09,0
165,basic,17.28,53,,month-to-month,bank_transfer,2,1.39,2024-01-18,1
166,standard,26.22,0,0.0,one_year,bank_transfer,0,3.99,2023-02-21,0
167,premium,53.92,18,971.65,one_year,cash,1,3.1,2024-10-15,0
168,standard,29.18,1,2.31,month-to-month,credit_card,2,,2023-03-04,1
169,basic,13.03,52,697.0,month-to-month,bank_transfer,1,3.04,2024-05-23,0
170,standard,31.03,43,1360.36,two_year,bank_transfer,0,3.44,2023-10-19,0
171,basic,10.22,31,309.62,month-to-month,bank_transfer,2,4.09,2023-04-01,0
172,standard,35.08,69,2431.0,month-to-month,bank_transfer,0,4.82,2024-10-25,0
173,basic,18.59,31,591.87,two_year,bank_transfer,0,4.51,2024-02-28,0
174,standard,31.43,67,2103.98,month-to-month,credit_card,2,5.0,2024-10-30,0
175,standard,29.81,54,1587.58,month-to-month,cash,1,4.18,2023-12-31,0
176,standard,33.69,55,1884.83,month-to-month,bank_transfer,3,3.64,2023-05-30,0
177,standard,32.07,16,505.27,two_year,credit_card,3,,2023-09-28,0
178,standard,33.32,37,1220.66,month-to-month,bank_transfer,0,3.08,2024-08-03,0
179,standard,29.82,23,718.64,month-to-month,credit_card,0,4.04,2023-04-26,0
180,basic,20.37,68,1397.36,month-to-month,credit_card,2,2.5,2024-05-30,0
181,standard,33.5,69,2316.65,month-to-month,cash,4,3.73,2024-08-09,0
182,basic,16.53,10,145.88,month-to-month,bank_transfer,1,3.48,2023-08-29,0
183,premium,58.77,15,897.61,month-to-month,bank_transfer,3,2.77,2023-01-30,1
184,basic,13.74,58,854.85,one_year,credit_card,0,2.45,2023-05-23,0
185,standard,26.5,69,1846.11,month-to-month,bank_transfer,3,5.0,2023-11-22,0
186,standard,30.96,2,71.84,month-to-month,credit_card,2,2.1,2024-11-25,1
187,standard,29.83,19,581.19,month-to-month,credit_card,2,3.43,2023-01-16,1
188,basic,14.41,58,829.22,month-to-month,cash,4,4.72,2023-04-21,0
189,standard,33.65,35,1171.0,month-to-month,bank_transfer,1,4.03,2023-04-17,0
190,standard,30.5,18,541.99,one_year,bank_transfer,3,3.03,2024-01-14,0
191,standard,30.79,66,2020.64,month-to-month,credit_card,0,2.31,2023-06-11,0
192,standard,29.02,18,515.31,month-to-month,cash,1,3.63,2023-10-10,1
193,standard,32.64,19,613.02,month-to-month,bank_transfer,1,1.0,2023-09-26,1
194,standard,32.11,70,2242.81,two_year,bank_transfer,2,3.67,2024-04-28,0
195,standard,32.62,51,1658.17,one_year,bank_transfer,1,3.53,2024-10-28,0
196,standard,28.51,32,917.18,one_year,credit_card,0,4.57,2023-03-14,0
197,standard,33.91,39,1324.07,month-to-month,credit_card,2,2.36,2023-07-16,0
198,basic,20.52,38,783.11,two_year,bank_transfer,3,3.18,2023-08-31,0
199,basic,17.53,0,30.45,month-to-month,credit_card,1,3.94,2024-08-20,1
200,basic,12.57,10,127.23,month-to-month,credit_card,3,3.71,2023-09-16,1
201,basic,12.59,56,749.26,month-to-month,cash,1,2.16,2023-05-29,0
202,standard,28.87,49,1421.68,month-to-month,bank_transfer,1,2.85,2024-01-25,0
203,standard,28.31,22,613.87,two_year,bank_transfer,5,4.9,2024-02-20,0
204,basic,14.79,30,470.69,one_year,bank_transfer,2,3.76,2024-03-01,0
205,premium,56.9,41,2331.31,month-to-month,bank_transfer,0,1.84,2023-08-05,0
206,basic,15.87,6,47.35,one_year,credit_card,3,4.38,2023-03-27,0
207,standard,30.61,15,459.07,two_year,credit_card,0,1.9,2023-08-04,0
208,standard,29.28,59,1722.54,two_year,credit_card,1,3.19,2024-02-27,0
209,standard,29.78,1,61.91,one_year,credit_card,0,4.06,2023-11-16,0
210,basic,17.39,0,0.0,two_year,bank_transfer,3,4.71,2023-04-28,0
211,standard,23.96,47,1119.47,two_year,credit_card,1,1.16,2024-02-19,0
212,standard,29.97,11,355.02,one_year,bank_transfer,1,4.21,2024-08-21,0
213,premium,55.86,68,3806.37,month-to-month,credit_card,3,4.36,2023-02-09,0
214,standard,32.35,36,1161.17,month-to-month,credit_card,2,2.94,2023-06-10,0
215,premium,51.97,31,1595.94,two_year,bank_transfer,2,3.59,2024-06-20,0
216,basic,11.81,8,101.51,month-to-month,credit_card,2,1.0,2024-02-24,1
217,standard,31.75,18,570.91,two_year,credit_card,2,1.0,2024-10-25,0
218,standard,24.29,47,1126.27,month-to-month,credit_card,2,4.61,2023-04-05,0
219,standard,34.0,2,53.68,month-to-month,credit_card,1,2.96,2024-03-17,1
220,basic,15.68,19,281.63,month-to-month,bank_transfer,1,3.15,2024-07-11,1
221,standard,34.68,23,777.79,month-to-month,credit_card,0,3.73,2024-10-11,0
222,standard,26.74,53,1435.9,two_year,credit_card,0,3.13,2024-04-10,0
223,standard,28.69,32,934.07,two_year,bank_transfer,2,3.04,2023-10-15,0
224,standard,22.78,23,542.65,two_year,credit_card,0,3.89,2024-11-06,0
225,premium,52.61,71,3735.4,one_year,cash,1,2.0,2024-02-16,0
226,basic,14.45,35,500.9,month-to-month,bank_transfer,1,4.66,2024-02-04,0
227,premium,49.11,37,1812.58,month-to-month,bank_transfer,2,3.27,2024-06-11,0
228,premium,53.82,24,1312.1,one_year,bank_transfer,2,2.49,2023-01-18,0
229,premium,49.04,17,797.28,month-to-month,credit_card,2,2.36,2023-05-16,1
230,standard,29.23,65,1889.66,month-to-month,bank_transfer,0,3.54,2024-04-08,0
231,standard,33.44,53,1754.57,month-to-month,credit_card,1,3.19,2023-09-05,0
232,premium,54.9,34,1893.8,month-to-month,cash,5,1.95,2023-01-01,1
233,basic,19.97,60,1188.65,two_year,credit_card,2,2.9,2024-01-16,0
234,standard,32.36,40,1261.68,two_year,bank_transfer,1,2.69,2024-05-23,0
235,standard,34.04,32,1093.75,month-to-month,bank_transfer,1,4.76,2024-04-04,0
236,standard,27.71,67,1849.17,one_year,credit_card,3,3.63,2024-05-19,0
237,basic,12.63,32,393.02,one_year,credit_card,2,5.0,2024-04-20,0
238,standard,31.04,13,390.32,month-to-month,bank_transfer,1,2.79,2024-07-10,1
239,premium,50.27,20,991.41,two_year,cash,2,3.21,2023-02-01,1
240,basic,16.41,47,785.44,two_year,credit_card,2,3.89,2023-04-28,0
241,premium,54.03,19,1031.05,month-to-month,bank_transfer,0,4.1,2023-07-03,0
242,basic,18.99,7,128.97,month-to-month,cash,1,4.22,2023-07-10,1
243,standard,32.04,6,170.28,month-to-month,cash,2,2.61,2023-03-15,1
244,basic,18.29,66,1203.76,month-to-month,credit_card,1,2.64,2024-09-14,0
245,basic,12.74,16,209.05,month-to-month,bank_transfer,2,3.14,2023-04-13,1
246,premium,58.14,32,1866.45,two_year,credit_card,0,4.98,2024-08-08,0
247,standard,34.33,47,1616.73,month-to-month,cash,1,2.5,2024-02-24,0
248,standard,29.88,58,1714.59,month-to-month,bank_transfer,1,2.97,2024-04-17,0
249,basic,12.78,21,220.32,two_year,credit_card,3,4.23,2023-04-24,0
250,standard,27.83,29,843.06,one_year,bank_transfer,1,4.18,2024-01-14,0
251,standard,33.72,37,1221.45,month-to-month,credit_card,1,4.06,2023-11-09,0
252,standard,38.05,50,1863.2,month-to-month,cash,0,3.58,2023-11-26,0
253,standard,27.06,53,1436.79,month-to-month,cash,2,2.43,2023-12-05,0
254,premium,51.82,7,328.57,one_year,bank_transfer,0,2.81,2023-08-26,0
255,standard,32.76,26,835.66,month-to-month,credit_card,3,4.63,2023-06-22,1
256,standard,27.74,26,732.22,month-to-month,bank_transfer,0,4.27,2023-03-20,0
257,basic,18.06,20,396.65,two_year,credit_card,1,2.17,2024-04-08,0
258,standard,31.4,29,918.35,month-to-month,credit_card,2,4.37,2024-08-27,0
259,standard,29.93,27,799.33,two_year,cash,4,4.81,2024-05-15,0
260,standard,31.32,63,1972.13,two_year,credit_card,1,3.55,2024-07-15,0
261,basic,16.14,68,1061.35,month-to-month,credit_card,4,3.93,2023-10-12,0
262,premium,54.46,60,3258.58,two_year,cash,0,4.51,2023-08-11,0
263,basic,10.0,47,461.0,month-to-month,credit_card,1,2.8,2024-08-15,0
264,standard,30.54,18,552.79,two_year,credit_card,2,5.0,2023-09-23,0
265,standard,34.72,3,143.0,one_year,cash,0,4.72,2024-10-28,0
266,basic,10.17,34,307.04,one_year,credit_card,1,4.02,2024-01-08,0
267,standard,27.1,63,1699.15,month-to-month,bank_transfer,3,3.47,2023-08-21,0
268,standard,31.28,48,1464.77,two_year,cash,0,3.99,2023-08-24,0
269,premium,55.12,16,871.85,one_year,cash,1,1.94,2024-11-01,0
270,premium,56.23,43,2400.6,month-to-month,bank_transfer,1,,2023-11-10,0
271,premium,52.9,29,1504.21,two_year,credit_card,3,4.63,2024-01-15,0
272,basic,18.49,45,850.31,month-to-month,credit_card,1,4.96,2024-09-05,0
273,standard,30.14,5,155.81,month-to-month,cash,1,3.53,2024-07-16,1
274,standard,32.09,36,1171.16,month-to-month,cash,4,,2024-02-24,1
275,premium,55.96,23,1276.45,month-to-month,bank_transfer,1,2.83,2023-02-21,0
276,standard,30.53,45,1372.44,month-to-month,credit_card,3,4.31,2024-10-04,0
277,premium,56.88,52,2989.65,two_year,credit_card,0,2.99,2024-05-23,0
278,standard,30.56,59,1802.99,month-to-month,credit_card,1,3.31,2023-07-24,1
279,standard,26.43,62,1654.82,one_year,bank_transfer,1,4.05,2023-09-14,0
280,basic,18.26,31,553.71,month-to-month,bank_transfer,3,2.84,2023-07-04,0
281,standard,32.45,32,1052.72,two_year,cash,1,4.54,2023-05-25,0
282,standard,23.68,66,1551.9,two_year,bank_transfer,1,3.48,2024-11-20,0
283,standard,28.04,17,438.75,month-to-month,credit_card,2,,2023-01-14,1
284,standard,33.13,24,794.97,two_year,bank_transfer,2,2.83,2023-09-03,0
285,standard,24.52,53,1290.15,month-to-month,bank_transfer,1,4.81,2023-07-06,0
286,basic,17.83,57,983.81,two_year,bank_transfer,3,2.56,2023-12-03,0
287,standard,29.58,66,1956.11,month-to-month,bank_transfer,1,4.39,2023-09-16,0
288,standard,34.02,45,1513.03,two_year,cash,3,3.62,2023-02-09,0
289,standard,30.0,23,751.85,month-to-month,cash,2,3.33,2024-08-23,0
290,basic,12.83,31,368.44,one_year,credit_card,1,5.0,2024-09-28,0
291,basic,15.92,46,708.06,one_year,credit_card,2,2.22,2024-02-22,0
292,basic,14.91,22,345.41,month-to-month,bank_transfer,0,2.76,2023-12-17,0
293,standard,27.57,65,1789.39,month-to-month,credit_card,2,3.48,2023-01-09,0
294,basic,21.66,26,580.14,month-to-month,credit_card,4,5.0,2023-12-16,0
295,standard,27.09,1,34.7,month-to-month,credit_card,1,3.48,2023-03-25,1
296,premium,48.27,16,760.67,one_year,bank_transfer,1,,2024-06-16,0
297,basic,19.75,32,604.42,month-to-month,credit_card,2,3.16,2023-12-24,0
298,standard,28.25,8,247.42,month-to-month,bank_transfer,2,3.86,2024-01-13,0
299,standard,29.11,42,1196.85,month-to-month,cash,2,3.23,2023-06-21,1
300,premium,53.93,47,2545.89,two_year,credit_card,3,4.2,2023-01-25,0
301,standard,28.29,38,1093.4,month-to-month,credit_card,2,4.27,2024-01-28,0
302,standard,27.7,41,1133.16,month-to-month,credit_card,0,3.27,2023-04-13,0
303,premium,52.01,25,1294.17,month-to-month,cash,0,2.37,2023-08-24,1
304,standard,30.19,49,1459.64,month-to-month,credit_card,0,3.59,2024-02-14,0
305,premium,53.79,24,1300.21,two_year,credit_card,3,4.9,2024-07-02,0
306,basic,17.19,23,334.45,month-to-month,credit_card,2,,2023-11-28,1
307,premium,56.45,12,691.71,month-to-month,bank_transfer,2,3.83,2024-10-25,0
308,standard,27.22,59,1608.37,one_year,bank_transfer,1,2.29,2024-06-15,0
309,standard,30.33,6,177.52,one_year,bank_transfer,1,2.46,2024-10-10,0
310,basic,13.75,56,774.85,month-to-month,cash,2,4.8,2023-01-29,0
311,standard,27.03,35,918.58,one_year,credit_card,1,4.19,2024-06-26,0
312,basic,17.07,44,702.82,two_year,cash,3,3.85,2023-01-19,0
313,premium,54.64,19,1047.53,month-to-month,credit_card,3,1.18,2023-05-28,1
314,premium,53.78,64,3468.25,one_year,cash,2,2.95,2024-04-15,0
315,basic,12.43,7,,one_year,bank_transfer,1,4.11,2024-05-05,0
316,premium,51.92,15,757.75,month-to-month,cash,3,2.05,2023-10-10,1
317,standard,35.97,13,482.66,month-to-month,credit_card,4,3.15,2024-11-05,1
318,standard,31.0,14,441.18,month-to-month,credit_card,2,4.27,2023-04-23,0
319,standard,26.73,65,1796.71,two_year,credit_card,2,1.99,2024-03-30,0
320,basic,15.86,31,513.17,two_year,credit_card,0,1.82,2024-10-23,0
321,basic,18.19,62,1144.49,one_year,credit_card,1,2.01,2023-11-26,0
322,standard,30.5,50,1509.72,month-to-month,credit_card,1,3.83,2023-09-12,0
323,premium,59.12,24,1429.38,one_year,credit_card,0,2.94,2024-08-21,0
324,basic,10.37,57,621.0,one_year,bank_transfer,0,4.38,2024-02-03,0
325,premium,49.03,62,3036.57,month-to-month,cash,0,3.62,2024-09-01,0
326,standard,30.78,61,1875.24,month-to-month,bank_transfer,0,5.0,2024-05-22,0
327,standard,30.83,21,650.26,two_year,credit_card,2,2.26,2024-10-05,0
328,standard,19.98,57,1125.57,month-to-month,bank_transfer,2,3.83,2024-04-10,0
329,premium,53.13,57,3033.79,two_year,credit_card,0,2.7,2024-02-11,0
330,standard,26.97,48,1299.44,month-to-month,cash,6,4.1,2024-08-31,1
331,standard,25.82,51,1346.42,month-to-month,credit_card,2,3.62,2023-04-08,0
332,standard,26.97,41,1101.98,month-to-month,bank_transfer,0,2.51,2023-10-17,0
333,basic,16.79,69,1172.0,month-to-month,cash,3,3.34,2024-10-18,0
334,basic,11.95,14,164.11,two_year,cash,3,3.57,2023-06-05,0
335,standard,27.05,53,1446.45,month-to-month,bank_transfer,1,2.9,2023-06-11,0
336,standard,25.14,59,1478.26,two_year,cash,1,4.23,2024-09-15,0
337,standard,33.81,7,248.14,month-to-month,cash,1,2.47,2024-11-27,1
338,standard,31.3,52,1642.16,two_year,bank_transfer,1,5.0,2023-04-07,0
339,standard,22.52,59,1307.35,month-to-month,bank_transfer,0,4.45,2024-01-12,0
340,standard,27.05,4,130.25,two_year,bank_transfer,2,3.85,2024-07-20,0
341,standard,31.59,67,2113.2,one_year,bank_transfer,0,5.0,2024-03-25,0
342,premium,58.84,5,284.8,month-to-month,bank_transfer,3,3.19,2023-04-27,1
343,standard,32.52,46,1481.72,month-to-month,bank_transfer,2,4.11,2024-08-27,0
344,standard,28.93,54,1568.18,two_year,credit_card,2,3.72,2024-05-20,0
345,basic,10.0,39,389.91,two_year,credit_card,3,4.3,2023-07-08,0
346,standard,32.61,51,1670.53,month-to-month,credit_card,0,,2024-04-20,0
347,standard,29.11,15,444.45,one_year,credit_card,2,4.05,2023-11-19,0
348,standard,30.21,12,374.69,two_year,credit_card,0,4.54,2024-08-18,0
349,standard,29.47,29,910.16,two_year,bank_transfer,0,2.95,2023-06-29,0
350,premium,50.93,18,917.53,two_year,credit_card,3,3.29,2023-06-30,0
351,basic,16.09,16,242.75,one_year,cash,1,5.0,2024-11-23,0
352,standard,30.68,62,1861.76,month-to-month,credit_card,2,4.1,2023-10-14,0
353,standard,28.72,18,493.05,month-to-month,credit_card,1,3.75,2024-04-19,0
354,basic,16.41,57,960.08,month-to-month,bank_transfer,0,2.75,2024-09-09,0
355,basic,10.88,54,601.92,one_year,bank_transfer,3,4.47,2024-10-02,0
356,standard,29.19,61,1753.59,one_year,credit_card,1,2.72,2023-09-19,0
357,basic,15.08,22,381.04,month-to-month,cash,0,2.42,2024-06-06,0
358,basic,10.0,8,86.54,two_year,cash,1,3.61,2023-06-11,0
359,basic,14.83,11,172.34,one_year,credit_card,1,1.1,2024-05-01,1
360,standard,32.2,0,44.88,one_year,credit_card,2,4.11,2023-06-30,0
361,standard,29.09,57,1692.92,month-to-month,cash,1,3.88,2024-04-13,0
362,standard,29.9,0,15.62,month-to-month,bank_transfer,1,3.15,2023-01-21,1
363,premium,56.69,33,1887.35,month-to-month,bank_transfer,1,3.24,2023-10-02,0
364,standard,28.84,47,1373.94,month-to-month,cash,2,3.38,2023-09-17,1
365,standard,29.11,0,0.0,month-to-month,credit_card,2,2.71,2023-11-29,1
366,premium,51.47,15,777.79,month-to-month,bank_transfer,1,3.68,2024-04-10,1
367,standard,29.96,60,1809.09,month-to-month,credit_card,1,3.25,2023-04-26,0
368,standard,29.0,63,1824.46,month-to-month,bank_transfer,1,3.61,2024-02-17,0
369,standard,31.5,62,1933.69,month-to-month,bank_transfer,3,3.34,2024-06-20,0
370,basic,16.69,68,1129.6,one_year,bank_transfer,3,3.15,2023-09-14,0
371,standard,32.37,21,660.01,month-to-month,credit_card,1,3.78,2023-06-17,1
372,standard,28.48,66,1880.97,two_year,credit_card,2,4.28,2024-06-16,0
373,standard,23.47,25,551.14,two_year,bank_transfer,0,2.98,2024-08-20,0
374,basic,17.22,15,265.12,month-to-month,bank_transfer,3,3.9,2023-01-15,1
375,premium,56.29,50,2781.87,month-to-month,bank_transfer,0,4.02,2023-02-19,0
376,standard,28.09,56,1564.97,month-to-month,credit_card,0,2.22,2023-10-31,0
377,standard,31.66,28,896.56,one_year,cash,1,4.48,2024-05-01,0
378,premium,50.65,68,3460.02,one_year,credit_card,1,5.0,2024-02-20,0
379,standard,33.09,46,1535.59,month-to-month,cash,2,3.41,2023-11-01,0
380,premium,54.0,61,3300.39,one_year,credit_card,2,3.33,2023-07-15,0
381,standard,27.51,68,1848.29,month-to-month,bank_transfer,0,3.29,2024-01-23,0
382,basic,13.13,15,216.56,month-to-month,credit_card,0,4.12,2024-03-30,0
383,standard,29.31,47,1355.64,one_year,cash,1,4.01,2024-10-19,0
384,standard,29.96,38,1160.37,month-to-month,bank_transfer,1,1.91,2023-11-06,1
385,standard,30.14,32,977.03,one_year,credit_card,2,2.63,2023-05-07,0
386,premium,53.71,22,1208.8,month-to-month,credit_card,0,,2023-06-24,1
387,standard,30.6,9,275.9,two_year,credit_card,0,3.35,2023-05-14,0
388,standard,30.02,68,2024.98,month-to-month,credit_card,2,2.33,2023-03-07,0
389,premium,53.06,33,1725.13,month-to-month,cash,1,5.0,2024-01-28,0
390,standard,27.61,51,1384.48,one_year,bank_transfer,2,2.7,2023-12-31,0
391,standard,31.83,9,253.73,month-to-month,bank_transfer,0,3.54,2023-10-06,1
392,premium,56.57,18,1037.1,two_year,bank_transfer,2,3.33,2023-12-29,0
393,basic,15.17,57,886.04,one_year,bank_transfer,0,2.42,2023-06-20,0
394,standard,32.77,0,11.07,one_year,credit_card,3,3.68,2023-02-20,0
395,premium,49.12,68,3339.5,one_year,credit_card,1,3.89,2023-11-24,0
396,standard,28.31,3,126.15,two_year,bank_transfer,0,3.03,2024-10-26,0
397,standard,26.53,15,395.99,two_year,cash,5,3.16,2024-08-14,1
398,standard,36.77,23,850.13,one_year,credit_card,2,4.1,2023-05-25,0
399,standard,32.14,1,31.18,one_year,credit_card,1,1.52,2023-10-01,1
400,premium,54.76,31,1690.79,month-to-month,bank_transfer,3,2.65,2023-06-04,1
401,basic,17.35,23,411.67,month-to-month,cash,0,3.71,2024-05-22,1
402,basic,18.35,11,189.18,one_year,credit_card,3,2.97,2023-12-29,0
403,basic,18.32,49,883.67,month-to-month,bank_transfer,3,2.96,2023-11-21,1
404,standard,32.77,34,1127.81,month-to-month,cash,5,4.4,2024-10-16,1
405,standard,29.21,32,924.77,month-to-month,credit_card,1,2.87,2023-10-25,0
406,premium,53.5,32,1714.67,month-to-month,credit_card,1,5.0,2024-05-08,0
407,standard,27.11,60,1619.77,one_year,bank_transfer,3,,2024-06-29,0
408,standard,31.51,50,1575.27,two_year,cash,1,1.29,2023-10-31,0
409,basic,14.52,42,596.37,month-to-month,credit_card,0,4.38,2024-04-11,0
410,standard,28.74,11,303.33,month-to-month,bank_transfer,0,2.52,2023-08-27,1
411,standard,28.59,66,1870.55,two_year,bank_transfer,1,2.53,2024-10-11,0
412,basic,19.35,64,1255.27,month-to-month,bank_transfer,1,4.48,2024-05-31,0
413,basic,17.86,32,574.96,two_year,bank_transfer,7,3.0,2023-06-25,1
414,basic,20.49,39,817.48,month-to-month,bank_transfer,1,4.41,2024-02-14,0
415,basic,16.59,42,717.29,month-to-month,bank_transfer,4,2.89,2023-12-30,1
416,standard,30.17,43,1288.11,two_year,bank_transfer,2,3.86,2023-01-23,0
417,basic,14.92,28,435.39,month-to-month,bank_transfer,1,2.99,2023-11-14,0
418,standard,26.94,12,323.0,one_year,bank_transfer,1,2.58,2024-06-08,0
419,premium,51.22,11,560.25,two_year,cash,2,5.0,2023-10-03,0
420,standard,31.52,45,,month-to-month,credit_card,1,4.62,2024-08-26,0
421,premium,52.2,1,63.28,one_year,cash,3,2.77,2024-09-11,1
422,standard,30.63,34,1034.37,two_year,cash,3,3.32,2023-08-17,0
423,standard,33.35,7,243.23,month-to-month,credit_card,6,4.98,2024-10-25,1
424,premium,53.0,25,1299.69,two_year,bank_transfer,2,2.51,2023-04-18,0
425,basic,21.03,33,698.94,one_year,bank_transfer,2,2.57,2023-06-25,0
426,premium,52.03,6,282.19,one_year,credit_card,2,3.97,2023-11-16,0
427,basic,17.97,67,1184.3,one_year,credit_card,0,5.0,2023-10-13,0
428,standard,31.27,57,1794.08,month-to-month,credit_card,2,3.55,2023-11-25,0
429,basic,18.58,28,466.84,two_year,credit_card,3,4.55,2024-10-18,0
430,standard,26.65,35,968.8,two_year,cash,2,2.48,2023-12-22,0
431,standard,36.92,20,755.09,one_year,credit_card,2,3.86,2023-01-14,0
432,standard,29.46,35,994.33,one_year,cash,3,3.14,2023-10-02,0
433,standard,32.03,9,336.24,one_year,bank_transfer,1,5.0,2023-03-12,0
434,standard,34.33,23,843.07,month-to-month,cash,1,5.0,2023-07-14,0
435,basic,13.19,63,,one_year,bank_transfer,2,5.0,2024-06-06,0
436,standard,32.48,48,1540.51,one_year,credit_card,1,2.8,2023-04-16,0
437,premium,52.69,35,1877.88,one_year,bank_transfer,1,3.54,2023-07-15,0
438,standard,34.19,23,779.49,one_year,credit_card,2,3.88,2023-05-25,0
439,premium,52.72,22,1163.06,month-to-month,bank_transfer,1,2.84,2023-12-16,0
440,premium,55.12,61,3386.67,month-to-month,cash,3,3.63,2024-02-28,1
441,standard,30.92,36,1110.05,month-to-month,credit_card,1,4.41,2024-04-15,0
442,standard,32.35,11,351.03,month-to-month,credit_card,3,2.95,2024-11-16,1
443,basic,20.91,54,1103.69,one_year,bank_transfer,2,2.8,2023-08-04,0
444,basic,13.64,12,151.07,one_year,cash,2,2.73,2023-04-03,1
445,basic,18.42,22,,one_year,bank_transfer,0,2.16,2023-09-17,0
446,standard,35.91,29,1016.62,month-to-month,credit_card,2,4.35,2024-07-28,0
447,standard,30.5,16,465.04,one_year,bank_transfer,1,2.79,2024-06-24,0
448,standard,28.35,61,1730.02,month-to-month,credit_card,5,2.69,2023-10-12,1
449,standard,24.81,12,,month-to-month,bank_transfer,2,4.03,2024-04-28,1
450,standard,35.65,58,2050.12,one_year,cash,3,3.49,2024-01-07,0
451,standard,29.27,18,565.75,two_year,bank_transfer,5,2.97,2023-03-11,0
452,standard,27.0,48,1289.09,month-to-month,cash,3,4.31,2024-01-14,0
453,basic,10.93,11,110.82,month-to-month,credit_card,1,2.93,2023-10-06,1
454,basic,11.99,60,712.4,month-to-month,bank_transfer,2,1.32,2023-10-29,0
455,standard,32.76,18,583.0,month-to-month,cash,1,4.83,2023-09-12,0
456,standard,33.17,8,276.86,one_year,credit_card,2,2.67,2024-11-14,0
457,standard,31.96,70,2247.3,month-to-month,cash,1,2.78,2024-11-22,0
458,standard,30.4,27,812.98,month-to-month,credit_card,1,2.79,2023-09-21,0
459,standard,26.26,51,1334.98,month-to-month,bank_transfer,1,3.56,2024-11-25,0
460,basic,12.81,15,218.41,month-to-month,cash,5,3.23,2024-02-28,1
461,basic,11.68,68,764.03,month-to-month,bank_transfer,0,4.49,2023-08-01,0
462,standard,31.72,11,347.77,month-to-month,credit_card,3,5.0,2024-11-01,0
463,standard,26.81,24,646.14,month-to-month,bank_transfer,1,2.82,2023-04-10,1
464,standard,27.86,51,1405.33,month-to-month,bank_transfer,2,2.56,2023-04-22,1
465,premium,54.45,52,2829.1,two_year,cash,3,2.98,2023-11-04,0
466,standard,24.99,22,531.55,month-to-month,bank_transfer,4,3.94,2024-11-08,0
467,standard,30.14,15,464.84,two_year,credit_card,0,3.38,2024-04-19,0
468,standard,29.68,56,1635.32,month-to-month,bank_transfer,1,3.0,2024-07-01,0
469,standard,33.55,38,1296.15,two_year,bank_transfer,3,2.2,2023-04-22,0
470,standard,27.54,52,1430.61,one_year,bank_transfer,1,1.29,2023-03-28,0
471,standard,26.1,41,1061.14,one_year,bank_transfer,0,,2023-07-02,0
472,standard,28.88,57,1626.07,one_year,cash,3,4.76,2024-08-19,0
473,basic,11.71,38,465.59,month-to-month,bank_transfer,0,3.94,2023-06-14,0
474,standard,30.12,13,378.52,month-to-month,bank_transfer,3,3.31,2023-03-31,0
475,premium,49.42,4,174.34,month-to-month,credit_card,2,4.23,2024-03-30,1
476,premium,53.18,34,1829.15,one_year,credit_card,2,2.21,2023-08-26,0
477,standard,27.21,17,444.48,month-to-month,credit_card,3,,2024-06-17,1
478,standard,31.7,8,251.71,month-to-month,credit_card,1,1.71,2024-11-09,1
479,standard,27.57,57,1587.87,one_year,bank_transfer,3,3.85,2023-02-27,0
480,standard,24.79,16,399.8,one_year,bank_transfer,0,3.76,2024-06-25,0
481,basic,14.39,6,120.96,one_year,bank_transfer,2,3.78,2024-09-09,1
482,standard,30.96,45,1376.5,one_year,cash,3,4.67,2024-02-06,0
483,standard,29.19,12,346.07,two_year,cash,1,4.28,2024-11-09,0
484,premium,53.17,39,2070.97,month-to-month,cash,0,2.29,2024-10-27,0
485,standard,27.99,41,1160.01,month-to-month,bank_transfer,3,,2024-06-02,0
486,standard,30.34,8,268.49,month-to-month,bank_transfer,0,3.29,2023-07-16,0
487,standard,27.33,49,1340.64,month-to-month,bank_transfer,1,1.53,2023-02-15,1
488,standard,29.01,26,751.51,two_year,credit_card,0,3.39,2024-06-13,0
489,standard,32.25,65,2066.59,month-to-month,credit_card,1,4.15,2024-02-01,0
490,basic,11.1,4,46.65,one_year,cash,1,2.49,2024-10-26,0
491,standard,29.87,28,823.35,month-to-month,cash,0,4.83,2023-03-15,0
492,premium,49.63,36,1799.05,one_year,credit_card,0,2.58,2024-02-20,0
493,standard,30.68,37,1126.97,one_year,bank_transfer,1,3.02,2024-10-18,0
494,basic,12.06,7,79.61,month-to-month,cash,1,2.84,2024-09-05,1
495,standard,33.06,64,2086.63,month-to-month,credit_card,1,1.79,2023-12-01,0
496,premium,50.57,16,772.89,month-to-month,credit_card,0,2.51,2024-09-24,1
497,basic,16.33,70,1180.32,month-to-month,cash,2,2.79,2024-11-18,0
498,standard,33.66,44,1483.63,month-to-month,bank_transfer,2,3.37,2024-07-28,0
499,premium,51.91,3,163.82,month-to-month,credit_card,1,1.0,2023-10-23,1
500,standard,27.41,35,941.1,month-to-month,bank_transfer,2,4.22,2023-03-25,0
501,premium,52.17,69,3617.24,one_year,cash,3,4.21,2023-01-15,0
502,standard,28.54,30,870.1,one_year,bank_transfer,1,4.68,2023-05-14,0
503,standard,31.55,18,551.85,one_year,credit_card,1,2.01,2024-04-22,1
504,standard,28.3,60,1676.81,month-to-month,credit_card,3,3.21,2024-09-24,0
505,basic,11.64,53,602.27,one_year,bank_transfer,0,4.44,2023-11-15,0
506,basic,10.0,38,379.43,month-to-month,bank_transfer,0,4.53,2024-01-27,0
507,standard,34.81,18,,month-to-month,bank_transfer,1,4.98,2024-04-23,0
508,basic,20.04,38,762.29,two_year,credit_card,3,3.6,2024-10-01,0
509,standard,31.68,66,2116.85,month-to-month,cash,3,3.44,2024-01-03,1
510,premium,52.57,44,2298.78,one_year,credit_card,1,1.94,2024-01-02,0
511,premium,57.24,12,665.15,one_year,credit_card,0,4.56,2023-10-15,0
512,standard,32.85,57,1872.45,month-to-month,credit_card,5,3.04,2024-01-13,0
513,premium,54.24,19,996.7,month-to-month,credit_card,2,3.53,2024-11-22,0
514,standard,30.12,71,2152.43,month-to-month,bank_transfer,2,3.47,2024-04-07,0
515,standard,33.7,60,2023.96,two_year,bank_transfer,1,1.11,2024-08-16,0
516,basic,10.08,38,376.28,month-to-month,credit_card,3,2.69,2023-01-13,1
517,standard,33.0,0,0.0,month-to-month,bank_transfer,2,3.95,2024-06-19,0
518,standard,29.07,2,76.34,month-to-month,credit_card,1,3.45,2023-06-17,1
519,standard,26.66,61,1643.82,one_year,bank_transfer,1,3.96,2023-09-27,0
520,standard,26.91,62,1663.49,month-to-month,cash,3,4.28,2023-03-11,0
521,basic,12.41,24,309.68,month-to-month,credit_card,2,2.68,2023-11-14,1
522,standard,26.37,55,1467.62,one_year,bank_transfer,1,,2024-01-11,0
523,premium,60.31,32,1936.63,two_year,credit_card,0,3.36,2023-03-30,0
524,standard,31.47,37,1160.28,month-to-month,credit_card,2,4.27,2023-09-14,0
525,premium,58.19,5,298.57,month-to-month,credit_card,1,,2023-08-05,1
526,premium,56.69,57,3210.55,month-to-month,bank_transfer,2,1.72,2024-03-25,0
527,premium,55.18,43,2374.16,one_year,bank_transfer,2,3.3,2024-06-27,0
528,premium,55.22,44,2425.02,month-to-month,credit_card,2,4.23,2023-05-21,0
529,premium,53.81,31,1660.31,month-to-month,cash,2,4.86,2023-06-10,0
530,standard,29.05,44,1243.67,one_year,bank_transfer,1,3.78,2023-02-01,0
531,basic,10.78,60,626.25,one_year,cash,3,,2023-06-01,0
532,standard,33.25,46,1519.78,month-to-month,bank_transfer,4,3.09,2023-09-17,1
533,standard,24.56,20,509.1,two_year,bank_transfer,2,3.98,2023-10-06,0
534,standard,26.82,35,944.42,one_year,credit_card,1,4.37,2023-10-12,0
535,standard,36.04,18,667.51,month-to-month,credit_card,1,4.01,2024-09-01,0
536,premium,55.41,19,1077.65,month-to-month,cash,1,3.25,2024-06-25,1
537,premium,55.53,56,3116.27,two_year,credit_card,2,4.36,2024-08-24,0
538,premium,56.91,17,970.28,month-to-month,cash,3,2.86,2023-05-28,1
539,standard,25.38,46,1148.02,month-to-month,bank_transfer,1,3.68,2024-10-17,0
540,basic,10.82,48,559.09,month-to-month,credit_card,0,4.25,2023-03-08,0
541,basic,13.67,13,149.35,one_year,credit_card,2,,2024-07-23,0
542,standard,27.29,14,384.43,month-to-month,credit_card,1,4.1,2023-10-06,1
543,basic,14.78,30,460.06,month-to-month,cash,1,4.07,2024-03-18,1
544,basic,16.46,0,16.93,month-to-month,bank_transfer,1,2.45,2024-02-03,1
545,premium,59.17,53,3112.91,month-to-month,credit_card,2,3.52,2023-05-08,0
546,standard,32.43,2,56.46,one_year,credit_card,2,2.59,2023-12-03,1
547,standard,27.02,15,389.32,one_year,credit_card,2,3.21,2024-04-26,0
548,basic,13.88,56,737.67,month-to-month,bank_transfer,0,2.33,2023-07-05,0
549,standard,28.06,11,311.27,month-to-month,credit_card,2,3.84,2023-06-18,0
550,basic,11.95,15,164.9,one_year,cash,0,1.53,2024-11-14,1
551,premium,51.27,71,3670.28,month-to-month,credit_card,2,4.12,2023-09-17,0
552,standard,34.99,23,817.07,month-to-month,credit_card,3,3.52,2024-10-08,1
553,standard,30.03,27,811.64,two_year,bank_transfer,2,5.0,2024-07-11,0
554,standard,29.33,7,195.86,one_year,bank_transfer,1,3.3,2024-05-21,0
555,basic,16.45,35,578.05,month-to-month,cash,1,3.3,2024-06-04,0
556,standard,31.6,7,216.08,month-to-month,bank_transfer,1,4.18,2024-04-15,0
557,standard,33.36,57,1902.91,month-to-month,credit_card,2,3.35,2023-06-10,0
558,standard,27.77,59,1676.46,month-to-month,bank_transfer,3,3.77,2023-10-16,0
559,basic,16.21,49,772.99,month-to-month,credit_card,2,4.49,2023-12-06,0
560,standard,27.27,27,732.92,month-to-month,credit_card,0,3.23,2024-05-16,0
561,standard,29.43,40,1191.33,month-to-month,cash,4,4.7,2023-04-16,1
562,premium,55.17,63,3467.71,two_year,bank_transfer,1,1.82,2024-04-19,0
563,standard,30.46,26,823.57,one_year,cash,2,5.0,2024-08-22,0
564,standard,30.33,62,1894.03,month-to-month,bank_transfer,1,1.71,2024-04-07,0
565,standard,32.41,16,504.18,month-to-month,bank_transfer,1,4.85,2024-04-27,0
566,standard,28.21,32,906.8,one_year,credit_card,1,1.63,2023-06-02,1
567,standard,30.55,28,841.31,month-to-month,credit_card,3,5.0,2024-10-10,0
568,standard,27.72,12,316.71,month-to-month,cash,3,3.66,2023-05-29,1
569,standard,38.76,45,1741.4,two_year,credit_card,2,2.56,2023-07-07,0
570,premium,52.26,34,1802.12,month-to-month,cash,2,5.0,2024-10-14,0
571,standard,27.9,5,154.41,one_year,bank_transfer,1,2.41,2023-05-11,0
572,premium,57.65,68,3919.75,two_year,credit_card,1,3.27,2024-03-27,0
573,standard,28.71,46,1336.28,month-to-month,bank_transfer,1,5.0,2024-05-30,0
574,premium,57.65,24,1388.97,month-to-month,bank_transfer,0,3.9,2024-05-05,0
575,premium,55.46,65,3581.5,month-to-month,credit_card,3,1.47,2024-04-20,0
576,standard,28.79,9,256.21,two_year,cash,1,3.23,2023-09-20,1
577,premium,52.74,55,2899.24,two_year,bank_transfer,3,3.14,2024-06-21,0
578,basic,12.63,29,381.5,one_year,credit_card,2,3.69,2024-04-03,0
579,premium,53.82,4,203.95,month-to-month,bank_transfer,0,3.46,2024-06-19,1
580,standard,29.48,32,925.11,one_year,cash,5,4.05,2024-09-28,0
581,basic,12.5,64,799.09,two_year,credit_card,0,1.97,2024-11-14,0
582,standard,29.67,17,491.48,one_year,cash,0,2.95,2023-10-22,0
583,premium,51.72,48,2476.09,two_year,credit_card,6,3.81,2024-03-10,0
584,basic,17.27,10,171.08,two_year,bank_transfer,2,2.74,2023-10-02,0
585,standard,32.84,25,813.34,one_year,bank_transfer,2,4.6,2024-08-10,0
586,standard,27.89,62,1748.44,one_year,credit_card,0,2.76,2023-11-04,0
587,premium,52.72,58,3086.05,month-to-month,credit_card,3,3.64,2024-01-11,0
588,standard,30.53,26,811.04,month-to-month,bank_transfer,0,3.4,2023-06-07,0
589,basic,18.8,48,866.98,one_year,bank_transfer,1,2.49,2023-07-23,0
590,basic,19.46,32,609.88,month-to-month,bank_transfer,0,3.56,2024-10-22,0
591,standard,25.79,0,0.0,two_year,credit_card,2,2.19,2023-03-16,1
592,standard,33.02,20,623.47,two_year,cash,0,3.06,2024-01-15,0
593,premium,54.82,54,2942.76,one_year,bank_transfer,1,3.53,2023-10-31,0
594,basic,14.87,5,70.52,month-to-month,cash,2,2.07,2023-03-03,1
595,standard,31.51,68,2133.7,month-to-month,credit_card,1,4.12,2024-07-23,0
596,basic,13.56,4,54.41,month-to-month,bank_transfer,2,3.76,2023-04-18,1
597,basic,18.29,2,8.96,one_year,bank_transfer,1,4.03,2023-07-06,0
598,standard,34.27,52,1772.83,one_year,credit_card,3,3.5,2023-08-17,0
599,standard,34.38,22,759.4,two_year,bank_transfer,2,2.35,2023-02-17,0
600,standard,24.47,52,1272.64,month-to-month,credit_card,1,3.5,2023-09-25,0
601,premium,54.31,36,1964.1,two_year,bank_transfer,2,4.12,2023-09-11,0
602,standard,24.19,16,,two_year,bank_transfer,1,2.31,2023-03-28,0
603,premium,52.7,0,0.0,month-to-month,credit_card,1,2.39,2023-06-30,1
604,premium,47.81,50,2392.9,two_year,bank_transfer,1,3.25,2023-01-25,0
605,standard,31.35,44,1363.4,month-to-month,bank_transfer,1,3.13,2024-01-23,0
606,premium,55.66,3,161.58,month-to-month,credit_card,3,3.48,2023-08-10,1
607,standard,28.7,61,1729.59,one_year,cash,1,3.21,2024-02-01,0
608,basic,12.63,64,829.63,month-to-month,cash,1,3.66,2024-05-25,0
609,standard,30.94,31,953.67,one_year,bank_transfer,1,4.72,2024-07-14,0
610,basic,11.97,33,416.29,one_year,credit_card,1,4.04,2024-03-15,0
611,standard,26.76,71,1906.19,one_year,bank_transfer,2,,2023-06-24,0
612,standard,26.39,38,985.11,month-to-month,bank_transfer,0,2.39,2023-11-07,0
613,basic,14.39,25,364.77,month-to-month,credit_card,0,2.78,2023-10-01,0
614,basic,13.25,33,453.44,one_year,bank_transfer,2,4.34,2023-02-04,0
615,premium,53.85,53,2852.5,month-to-month,bank_transfer,2,3.03,2023-08-05,0
616,standard,31.57,2,64.62,month-to-month,bank_transfer,3,2.53,2024-11-02,1
617,basic,17.89,49,865.58,month-to-month,bank_transfer,2,5.0,2024-02-12,0
618,standard,34.35,11,378.33,one_year,bank_transfer,3,5.0,2024-06-02,0
619,standard,30.18,64,1936.28,month-to-month,cash,2,3.38,2023-09-26,0
620,standard,31.04,53,1633.54,one_year,credit_card,2,2.42,2024-09-29,0
621,premium,55.57,4,200.69,one_year,bank_transfer,0,4.22,2024-04-19,0
622,standard,24.98,56,1424.64,month-to-month,cash,4,3.01,2023-11-21,1
623,standard,28.89,16,474.32,month-to-month,bank_transfer,0,4.39,2023-12-22,0
624,premium,53.9,46,2468.45,two_year,bank_transfer,1,3.01,2023-03-31,0
625,premium,53.47,22,1180.73,two_year,bank_transfer,1,5.0,2023-02-11,0
626,basic,14.88,13,163.87,two_year,bank_transfer,1,2.98,2023-12-31,0
627,basic,14.34,65,892.56,two_year,cash,1,5.0,2024-11-01,0
628,basic,12.04,50,623.68,month-to-month,bank_transfer,0,3.7,2023-07-21,0
629,standard,29.55,37,1097.94,month-to-month,cash,1,4.88,2024-01-01,0
630,standard,28.08,63,1768.09,month-to-month,credit_card,0,2.96,2023-10-15,0
631,standard,22.14,37,823.83,month-to-month,credit_card,1,2.19,2024-08-25,1
632,premium,50.81,49,2554.21,month-to-month,bank_transfer,1,1.19,2024-04-25,1
633,standard,30.27,29,895.21,month-to-month,credit_card,1,4.78,2024-09-28,0
634,basic,18.28,50,893.09,month-to-month,credit_card,2,3.57,2024-05-15,0
635,standard,22.72,62,1375.03,one_year,credit_card,4,2.25,2024-09-29,0
636,standard,27.39,51,1417.98,one_year,credit_card,2,4.82,2023-02-21,0
637,standard,31.29,37,1174.85,month-to-month,credit_card,2,4.66,2023-04-13,0
638,standard,32.63,29,957.77,two_year,cash,1,4.88,2023-12-27,0
639,premium,53.74,50,2670.74,month-to-month,credit_card,1,2.16,2024-02-28,0
640,standard,27.95,4,119.07,two_year,bank_transfer,0,4.75,2024-11-29,0
641,standard,33.66,28,928.01,month-to-month,bank_transfer,2,3.88,2023-07-24,0
642,standard,32.39,3,110.43,two_year,cash,1,4.93,2023-01-14,0
643,standard,32.58,9,312.87,one_year,credit_card,1,4.04,2024-09-07,0
644,basic,13.6,55,737.13,month-to-month,cash,5,3.67,2024-09-20,1
645,standard,33.34,16,556.08,month-to-month,bank_transfer,0,4.76,2024-04-14,0
646,basic,10.0,16,162.3,month-to-month,bank_transfer,2,4.35,2024-04-10,1
647,premium,58.39,68,3980.36,month-to-month,bank_transfer,1,4.58,2023-10-31,0
648,basic,14.8,33,462.21,month-to-month,cash,1,3.01,2024-08-27,1
649,standard,30.39,5,156.59,one_year,credit_card,2,3.33,2024-03-02,0
650,standard,27.16,52,1398.81,month-to-month,bank_transfer,5,1.77,2024-10-17,1
651,premium,49.56,65,3230.89,one_year,bank_transfer,1,2.94,2023-04-20,0
652,basic,15.32,42,672.78,two_year,bank_transfer,1,4.29,2024-11-05,0
653,basic,16.65,22,,month-to-month,cash,0,4.06,2024-07-18,0
654,basic,17.11,54,905.92,one_year,credit_card,2,,2024-05-29,0
655,basic,16.78,15,264.23,month-to-month,cash,2,4.78,2023-03-09,0
656,basic,16.1,7,120.74,one_year,credit_card,1,5.0,2023-09-03,0
657,standard,27.23,3,122.86,month-to-month,credit_card,3,2.6,2024-01-24,1
658,basic,17.3,3,56.98,two_year,credit_card,1,3.29,2024-10-11,0
659,basic,11.89,55,642.24,two_year,credit_card,2,2.88,2023-11-04,0
660,premium,58.32,24,1415.09,month-to-month,bank_transfer,2,3.41,2023-12-18,0
661,standard,29.75,66,1960.95,month-to-month,credit_card,1,3.77,2023-03-07,0
662,standard,29.85,66,1971.71,two_year,credit_card,0,2.8,2024-04-04,0
663,standard,32.6,26,829.03,one_year,cash,1,3.22,2023-12-13,0
664,premium,58.0,31,1795.55,month-to-month,cash,3,3.59,2023-11-21,1
665,basic,17.31,49,848.81,month-to-month,cash,2,3.97,2024-10-28,0
666,premium,52.54,60,3149.83,one_year,cash,3,4.97,2024-08-21,0
667,standard,32.29,50,1602.68,month-to-month,bank_transfer,0,3.49,2023-02-02,0
668,basic,12.56,18,231.84,two_year,credit_card,1,2.94,2023-03-09,0
669,premium,57.36,20,1128.73,month-to-month,credit_card,3,4.2,2023-07-06,0
670,basic,10.72,4,19.7,month-to-month,bank_transfer,1,3.9,2023-07-11,0
671,basic,14.72,41,617.71,two_year,credit_card,2,3.31,2023-08-01,0
672,premium,52.54,60,3164.76,month-to-month,bank_transfer,0,3.99,2024-08-22,0
673,standard,32.61,21,658.66,month-to-month,credit_card,0,3.12,2024-03-03,0
674,standard,33.35,20,630.41,month-to-month,credit_card,2,2.97,2023-12-17,1
675,basic,15.6,69,1056.23,month-to-month,bank_transfer,1,1.6,2023-04-18,0
676,standard,30.5,0,0.0,one_year,bank_transfer,2,3.17,2023-08-28,0
677,standard,32.11,4,151.53,month-to-month,bank_transfer,1,1.74,2023-08-04,1
678,standard,33.36,11,363.91,one_year,bank_transfer,0,2.86,2023-06-26,0
679,standard,30.11,45,1339.56,one_year,credit_card,0,4.08,2024-07-18,0
680,basic,13.5,33,448.47,one_year,credit_card,1,1.99,2023-11-26,0
681,basic,16.94,48,810.84,month-to-month,cash,1,3.31,2024-07-14,1
682,premium,49.42,44,2146.86,month-to-month,bank_transfer,3,3.57,2024-09-17,0
683,standard,32.73,26,823.48,two_year,credit_card,1,3.26,2024-03-25,0
684,premium,52.87,25,1294.79,one_year,cash,1,3.02,2024-08-29,0
685,standard,29.28,46,1396.48,one_year,credit_card,2,3.83,2024-03-22,0
686,standard,32.75,55,1818.45,month-to-month,bank_transfer,7,3.96,2024-06-20,1
687,basic,13.75,62,840.63,month-to-month,credit_card,1,3.5,2024-10-05,0
688,standard,31.94,47,1523.35,one_year,bank_transfer,5,3.07,2023-06-28,0
689,basic,18.42,60,1093.84,two_year,bank_transfer,1,4.36,2024-01-30,0
690,standard,30.33,25,779.75,one_year,credit_card,0,2.19,2023-05-25,0
691,standard,30.93,35,1084.16,two_year,cash,3,4.19,2023-07-17,0
692,premium,54.64,0,0.0,one_year,bank_transfer,0,3.92,2023-03-25,0
693,standard,30.35,7,226.05,month-to-month,credit_card,1,3.7,2024-10-30,1
694,basic,11.65,51,596.9,month-to-month,credit_card,1,3.49,2023-03-26,0
695,basic,14.12,46,657.49,month-to-month,credit_card,1,1.61,2024-04-01,0
696,basic,11.14,55,617.01,month-to-month,credit_card,1,4.89,2024-04-20,0
697,standard,27.3,13,359.0,two_year,bank_transfer,0,4.34,2023-09-10,0
698,standard,23.99,27,663.74,month-to-month,cash,0,2.54,2023-03-13,1
699,premium,55.79,1,107.47,month-to-month,bank_transfer,1,4.26,2023-08-11,1
700,basic,20.07,25,526.73,month-to-month,credit_card,3,3.69,2023-10-03,1
701,standard,28.63,13,376.58,month-to-month,credit_card,1,2.92,2023-09-03,1
702,standard,32.9,58,1901.99,month-to-month,credit_card,3,4.69,2023-12-07,0
703,standard,33.38,55,1831.89,month-to-month,bank_transfer,0,3.07,2024-07-26,0
704,standard,26.4,6,133.28,one_year,bank_transfer,2,4.86,2024-04-15,0
705,standard,27.05,2,67.39,month-to-month,credit_card,0,4.03,2024-03-29,0
706,standard,32.97,22,705.04,one_year,bank_transfer,0,4.46,2023-01-07,0
707,basic,14.72,17,242.79,month-to-month,cash,1,4.08,2023-07-07,1
708,standard,26.13,37,980.22,month-to-month,bank_transfer,2,4.03,2023-01-04,0
709,basic,13.09,14,178.51,month-to-month,cash,0,3.72,2024-10-06,1
710,standard,31.26,63,1959.53,one_year,bank_transfer,1,2.77,2023-05-05,0
711,standard,27.62,27,721.79,one_year,bank_transfer,3,3.56,2023-01-15,0
712,standard,21.68,38,847.95,month-to-month,bank_transfer,2,4.42,2024-06-08,0
713,premium,54.03,56,3009.02,month-to-month,bank_transfer,2,4.22,2024-09-21,0
714,premium,54.28,16,856.76,one_year,credit_card,0,4.0,2023-08-28,0
715,premium,55.03,43,2330.46,month-to-month,credit_card,0,1.4,2023-12-26,1
716,standard,33.78,24,810.32,month-to-month,credit_card,1,3.29,2024-06-01,0
717,standard,30.16,16,475.89,two_year,bank_transfer,1,,2023-11-16,0
718,standard,30.73,12,372.4,one_year,credit_card,3,2.4,2023-08-19,1
719,premium,58.17,24,1372.59,month-to-month,cash,4,4.4,2023-01-30,1
720,standard,30.03,67,2026.69,two_year,bank_transfer,1,1.47,2024-06-17,0
721,premium,61.41,9,515.91,one_year,bank_transfer,5,4.34,2023-06-05,0
722,premium,51.21,66,3378.02,month-to-month,credit_card,0,4.83,2024-09-21,0
723,standard,27.2,17,464.71,one_year,cash,2,3.29,2024-02-03,0
724,basic,16.84,33,556.88,one_year,cash,0,3.43,2023-12-12,0
725,basic,18.76,7,134.48,month-to-month,bank_transfer,5,,2023-07-14,0
726,premium,54.4,39,2137.37,month-to-month,credit_card,5,2.74,2023-06-17,1
727,basic,11.97,41,517.26,month-to-month,bank_transfer,0,4.16,2024-01-12,0
728,premium,60.28,40,2408.09,one_year,credit_card,0,2.58,2024-05-03,0
729,standard,27.62,5,118.74,month-to-month,credit_card,0,2.28,2023-12-28,1
730,standard,31.02,51,1593.23,two_year,bank_transfer,0,3.8,2024-04-26,0
731,premium,58.94,25,1467.9,one_year,bank_transfer,0,3.47,2023-09-01,0
732,standard,28.68,63,1832.13,month-to-month,bank_transfer,1,1.78,2024-08-03,0
733,standard,28.13,58,1619.5,one_year,cash,1,4.92,2024-08-29,0
734,standard,28.34,55,1541.54,month-to-month,bank_transfer,4,3.09,2024-08-11,0
735,standard,32.7,58,1899.48,one_year,bank_transfer,0,4.01,2023-06-20,0
736,standard,33.18,69,2254.61,one_year,credit_card,1,5.0,2024-05-27,0
737,basic,15.1,32,473.85,month-to-month,cash,2,3.75,2024-02-10,1
738,premium,60.65,52,3147.2,month-to-month,credit_card,0,4.77,2024-07-27,0
739,premium,55.1,21,1161.51,month-to-month,cash,1,2.64,2023-07-26,1
740,standard,33.88,20,657.67,month-to-month,cash,1,4.92,2023-06-03,0
741,standard,28.7,69,1962.71,month-to-month,credit_card,0,2.67,2023-02-17,0
742,standard,37.0,69,2576.14,month-to-month,bank_transfer,0,2.93,2024-10-10,0
743,standard,34.71,3,103.86,two_year,cash,0,2.05,2023-01-01,0
744,premium,54.62,61,3349.11,month-to-month,bank_transfer,1,3.77,2024-02-11,0
745,basic,19.3,61,1166.46,month-to-month,cash,2,4.13,2023-04-17,0
746,basic,19.15,23,439.36,one_year,cash,3,4.27,2023-06-22,0
747,standard,34.66,54,1875.93,month-to-month,bank_transfer,2,2.07,2024-05-20,0
748,standard,22.55,8,215.35,two_year,credit_card,2,3.87,2023-05-10,0
749,standard,32.16,2,59.97,one_year,cash,3,3.91,2024-02-02,1
750,standard,31.63,30,945.57,one_year,bank_transfer,5,4.11,2023-10-21,0
751,standard,31.41,39,1246.95,month-to-month,credit_card,0,2.73,2024-07-05,0
752,standard,30.66,35,1065.5,month-to-month,credit_card,2,1.0,2024-03-22,1
753,basic,15.74,23,367.71,month-to-month,bank_transfer,2,4.21,2023-01-16,0
754,standard,33.85,5,189.47,two_year,cash,1,3.35,2024-09-30,0
755,basic,16.62,65,1068.78,month-to-month,cash,0,3.78,2023-12-15,0
756,basic,15.65,3,53.76,month-to-month,bank_transfer,1,3.41,2023-07-22,0
757,standard,33.42,5,202.01,two_year,credit_card,1,3.73,2023-05-14,0
758,basic,16.25,50,830.93,month-to-month,credit_card,3,4.24,2024-06-09,0
759,basic,16.54,61,1014.64,month-to-month,cash,1,1.64,2024-05-22,0
760,basic,20.6,56,1149.11,month-to-month,credit_card,4,4.64,2023-03-07,0
761,premium,53.7,65,3478.41,two_year,credit_card,0,3.32,2024-04-24,0
762,premium,50.45,7,333.39,month-to-month,credit_card,1,5.0,2024-04-03,0
763,standard,30.22,25,785.69,one_year,bank_transfer,1,3.04,2023-12-08,0
764,premium,55.64,50,2808.31,one_year,cash,1,2.82,2024-09-17,0
765,standard,32.16,44,1401.9,month-to-month,credit_card,3,3.35,2023-06-08,0
766,standard,30.32,43,1310.51,one_year,bank_transfer,2,4.0,2023-06-10,0
767,basic,17.27,4,71.31,month-to-month,bank_transfer,0,3.23,2023-09-11,0
768,standard,37.51,69,2611.88,month-to-month,cash,1,4.07,2024-06-10,0
769,standard,32.4,25,817.66,one_year,credit_card,5,3.11,2024-07-02,1
770,standard,32.93,67,2205.85,two_year,bank_transfer,0,3.53,2023-06-04,0
771,standard,29.61,18,,one_year,credit_card,2,5.0,2024-04-30,0
772,standard,25.84,19,497.78,month-to-month,cash,3,3.86,2024-03-07,1
773,standard,23.11,11,247.25,month-to-month,bank_transfer,1,3.94,2023-01-27,0
774,premium,53.44,46,2462.65,month-to-month,credit_card,0,2.03,2023-01-12,1
775,standard,22.26,0,0.0,month-to-month,bank_transfer,1,4.85,2023-03-08,0
776,standard,31.54,13,402.57,month-to-month,bank_transfer,1,4.57,2024-06-25,0
777,standard,28.85,63,1798.1,month-to-month,credit_card,1,2.79,2023-04-06,0
778,standard,26.06,37,974.5,month-to-month,cash,1,4.55,2023-08-03,0
779,standard,30.39,36,1094.89,month-to-month,credit_card,2,3.83,2023-07-13,0
780,basic,12.78,10,163.55,month-to-month,bank_transfer,0,3.55,2024-10-08,1
781,standard,31.35,2,42.05,month-to-month,bank_transfer,1,4.79,2023-10-17,0
782,basic,17.12,32,560.35,two_year,bank_transfer,1,2.99,2024-06-27,0
783,standard,27.89,5,137.8,month-to-month,credit_card,1,2.78,2023-02-08,1
784,standard,29.29,49,1477.21,two_year,cash,2,3.71,2023-07-25,0
785,standard,30.64,9,286.74,two_year,bank_transfer,2,4.03,2024-07-08,0
786,basic,10.78,4,49.61,month-to-month,bank_transfer,4,4.47,2024-04-28,1
787,standard,30.64,22,,one_year,bank_transfer,1,3.35,2023-12-03,0
788,basic,10.71,9,82.33,one_year,bank_transfer,3,2.65,2024-05-10,0
789,premium,56.7,43,2444.33,one_year,credit_card,2,,2023-09-06,0
790,premium,53.69,1,26.04,month-to-month,credit_card,1,2.41,2023-03-15,1
791,premium,50.69,12,581.55,month-to-month,cash,1,3.56,2024-01-08,1
792,standard,28.26,39,1122.39,month-to-month,credit_card,0,4.28,2023-05-18,0
793,standard,28.39,1,0.0,month-to-month,bank_transfer,0,4.65,2024-04-01,0
794,basic,18.21,64,1159.05,one_year,cash,0,2.93,2024-03-19,0
795,standard,30.52,62,1871.26,one_year,credit_card,4,1.63,2023-12-19,0
796,standard,27.13,16,426.03,month-to-month,bank_transfer,0,2.91,2024-02-15,1
797,standard,34.95,8,283.29,one_year,bank_transfer,1,4.36,2024-11-08,0
798,premium,56.88,14,816.01,month-to-month,bank_transfer,0,4.14,2024-06-21,0
799,basic,13.99,23,346.12,month-to-month,credit_card,1,4.17,2024-03-28,1
800,premium,50.34,37,1844.2,two_year,credit_card,0,4.21,2024-02-23,0
801,standard,28.73,34,967.5,month-to-month,bank_transfer,0,4.84,2024-03-25,0
802,standard,29.34,48,1489.37,month-to-month,cash,1,2.72,2024-08-07,0
803,basic,16.11,68,1090.48,month-to-month,bank_transfer,1,2.3,2023-04-25,0
804,basic,16.82,61,1008.38,month-to-month,bank_transfer,4,3.87,2023-02-20,1
805,standard,32.42,59,1898.46,two_year,credit_card,1,2.45,2024-01-04,0
806,standard,25.17,49,1228.45,one_year,bank_transfer,0,2.24,2024-11-13,0
807,basic,15.63,8,117.19,two_year,credit_card,0,4.72,2024-05-29,0
808,standard,29.52,33,969.47,one_year,cash,4,3.75,2023-07-29,0
809,premium,63.03,34,2142.59,month-to-month,cash,2,3.53,2024-09-18,1
810,premium,55.19,0,0.0,month-to-month,bank_transfer,4,3.55,2024-11-09,1
811,premium,53.13,39,2052.96,one_year,cash,1,3.39,2024-03-10,0
812,standard,30.33,63,1918.18,month-to-month,credit_card,0,4.72,2023-08-15,0
813,standard,29.97,21,631.79,two_year,bank_transfer,1,1.99,2024-10-24,1
814,standard,24.03,59,1427.7,two_year,credit_card,1,1.94,2023-09-25,0
815,standard,31.22,63,1932.57,month-to-month,cash,0,2.56,2023-04-26,0
816,basic,14.07,71,1002.11,two_year,credit_card,3,3.79,2024-08-22,0
817,basic,14.92,10,109.49,two_year,bank_transfer,2,5.0,2023-12-26,0
818,standard,27.38,13,352.43,one_year,cash,3,4.37,2023-11-25,0
819,basic,11.72,59,704.64,month-to-month,credit_card,1,4.09,2023-02-09,0
820,standard,32.64,29,967.48,month-to-month,credit_card,1,3.42,2023-07-01,0
821,basic,18.33,34,629.91,month-to-month,bank_transfer,0,,2024-05-04,1
822,basic,16.25,36,598.51,month-to-month,bank_transfer,2,4.01,2023-07-28,0
823,standard,24.57,4,92.3,month-to-month,credit_card,2,,2023-09-30,0
824,standard,31.45,25,776.07,one_year,credit_card,2,3.26,2023-04-29,0
825,standard,24.61,61,1555.07,month-to-month,credit_card,3,2.94,2024-01-17,1
826,basic,13.02,3,55.6,one_year,cash,3,3.26,2024-06-19,1
827,basic,17.6,41,698.14,two_year,bank_transfer,0,4.1,2023-09-15,0
828,standard,31.97,17,508.8,two_year,credit_card,2,3.61,2024-04-27,0
829,standard,31.37,39,1214.13,month-to-month,credit_card,1,4.41,2024-05-23,0
830,standard,33.94,71,,two_year,credit_card,3,3.47,2023-04-02,0
831,standard,31.68,38,1204.81,month-to-month,credit_card,2,3.26,2023-06-10,0
832,premium,48.94,13,591.74,month-to-month,bank_transfer,1,3.73,2023-05-29,0
833,standard,28.89,31,892.04,one_year,credit_card,0,2.96,2023-04-27,0
834,standard,29.88,50,1493.95,month-to-month,credit_card,2,5.0,2024-04-02,0
835,standard,29.52,37,1043.93,month-to-month,bank_transfer,0,4.32,2024-07-18,0
836,standard,28.15,22,619.78,one_year,credit_card,2,2.4,2023-02-14,0
837,standard,26.91,62,1648.15,month-to-month,bank_transfer,1,2.75,2023-08-22,0
838,standard,37.2,14,484.09,month-to-month,bank_transfer,1,4.07,2024-01-10,1
839,standard,28.83,24,724.01,month-to-month,bank_transfer,0,3.68,2024-06-30,0
840,basic,22.05,16,331.65,one_year,bank_transfer,1,3.8,2023-07-16,0
841,basic,11.58,65,739.35,one_year,bank_transfer,0,3.31,2023-01-25,0
842,standard,31.97,52,1648.83,month-to-month,cash,1,3.96,2024-01-30,0
843,premium,55.69,50,2784.54,month-to-month,bank_transfer,3,3.33,2023-02-05,0
844,basic,12.23,38,500.07,month-to-month,bank_transfer,0,4.06,2024-04-18,0
845,premium,53.6,50,2656.08,month-to-month,cash,3,4.27,2023-08-11,0
846,standard,29.95,69,2060.41,one_year,bank_transfer,1,5.0,2024-06-13,0
847,premium,52.47,5,264.77,month-to-month,credit_card,1,2.99,2023-07-07,1
848,premium,54.23,66,3561.8,month-to-month,credit_card,0,3.49,2024-02-06,0
849,standard,22.91,6,131.0,one_year,credit_card,4,2.28,2023-09-14,1
850,basic,17.13,50,868.39,one_year,cash,1,5.0,2024-10-15,0
851,basic,18.68,71,1311.17,one_year,bank_transfer,1,1.52,2023-05-16,0
852,basic,16.36,41,,month-to-month,cash,1,5.0,2024-08-13,0
853,standard,36.79,63,2309.14,month-to-month,bank_transfer,2,3.59,2024-03-19,0
854,basic,17.05,14,236.62,month-to-month,bank_transfer,3,3.92,2024-02-22,1
855,standard,33.43,28,940.9,month-to-month,credit_card,1,3.33,2023-10-19,1
856,standard,33.72,32,1090.77,one_year,bank_transfer,5,3.53,2024-07-27,0
857,premium,46.75,26,1254.25,two_year,bank_transfer,1,4.09,2023-05-09,0
858,basic,16.27,35,516.28,one_year,cash,1,1.86,2023-12-07,0
859,basic,10.85,28,300.45,one_year,credit_card,1,2.85,2023-09-14,0
860,basic,11.46,37,396.73,month-to-month,bank_transfer,5,2.65,2024-07-19,1
861,premium,51.98,56,2903.17,one_year,bank_transfer,2,3.95,2024-11-17,0
862,standard,29.06,26,773.18,month-to-month,bank_transfer,2,3.5,2023-04-10,0
863,basic,16.95,54,939.26,month-to-month,bank_transfer,1,4.12,2023-02-08,0
864,basic,16.3,32,546.49,month-to-month,bank_transfer,2,3.66,2023-09-20,1
865,basic,14.96,67,1027.03,month-to-month,credit_card,4,4.56,2023-05-30,0
866,basic,17.17,65,1112.57,month-to-month,bank_transfer,1,2.76,2024-09-24,0
867,premium,57.35,9,544.12,two_year,bank_transfer,3,3.56,2024-11-20,1
868,standard,31.33,4,157.26,month-to-month,cash,1,4.61,2023-11-26,1
869,standard,24.83,37,921.49,month-to-month,cash,3,4.41,2023-04-30,0
870,premium,52.78,12,656.9,month-to-month,credit_card,0,2.02,2024-08-06,1
871,basic,15.08,30,453.22,one_year,credit_card,1,2.48,2023-08-07,0
872,standard,32.2,46,1509.4,one_year,cash,0,3.42,2023-05-03,0
873,premium,51.01,51,2598.28,one_year,bank_transfer,0,3.27,2023-09-01,0
874,standard,29.97,55,1636.16,month-to-month,cash,2,3.43,2024-08-09,0
875,standard,25.3,14,331.8,one_year,credit_card,0,4.3,2024-06-01,0
876,basic,18.08,28,502.77,month-to-month,bank_transfer,2,3.79,2023-01-21,1
877,basic,15.73,7,111.8,two_year,cash,5,3.85,2023-07-09,1
878,basic,10.96,4,24.92,one_year,cash,2,4.17,2023-08-13,1
879,standard,25.94,28,721.32,month-to-month,credit_card,1,4.57,2024-09-06,0
880,standard,31.16,46,1422.83,month-to-month,bank_transfer,1,1.0,2024-04-10,1
881,premium,59.12,67,3939.5,month-to-month,bank_transfer,1,3.11,2023-04-09,0
882,standard,26.71,44,1195.96,month-to-month,credit_card,1,2.62,2023-12-29,0
883,premium,57.36,1,81.6,month-to-month,bank_transfer,1,3.98,2023-03-24,1
884,premium,53.37,26,1408.25,one_year,bank_transfer,2,3.04,2024-11-23,0
885,basic,17.47,35,609.77,month-to-month,cash,1,3.58,2024-10-25,0
886,standard,32.05,35,1121.3,month-to-month,bank_transfer,5,4.35,2023-02-25,1
887,basic,15.47,25,365.49,month-to-month,credit_card,0,2.9,2023-01-22,0
888,standard,24.5,42,1037.29,month-to-month,credit_card,3,3.86,2024-08-02,0
889,premium,57.04,26,1486.43,two_year,bank_transfer,2,5.0,2023-07-04,0
890,basic,16.51,68,1179.56,month-to-month,credit_card,0,4.33,2024-06-05,0
891,standard,31.23,19,615.11,one_year,bank_transfer,2,1.91,2024-07-31,0
892,standard,30.59,10,312.2,two_year,credit_card,5,3.21,2023-09-21,1
893,standard,27.36,37,1011.49,one_year,cash,1,3.86,2023-08-13,0
894,standard,33.25,5,186.28,two_year,cash,2,4.05,2024-09-26,0
895,standard,32.69,71,2302.68,month-to-month,bank_transfer,3,3.25,2023-02-07,0
896,basic,11.77,22,281.73,two_year,cash,1,2.86,2023-05-03,0
897,basic,18.94,46,849.5,month-to-month,bank_transfer,0,3.57,2023-06-05,0
898,basic,15.4,45,681.77,month-to-month,bank_transfer,1,2.41,2023-10-28,0
899,standard,30.39,11,297.53,one_year,credit_card,0,4.6,2023-03-08,0
900,basic,14.47,12,185.92,two_year,bank_transfer,1,5.0,2024-10-06,0
901,premium,54.77,61,3345.97,two_year,bank_transfer,1,3.89,2024-01-29,0
902,standard,34.11,59,2001.26,month-to-month,cash,3,,2024-10-13,0
903,standard,33.1,42,1371.62,month-to-month,bank_transfer,2,4.44,2024-08-16,0
904,standard,33.04,67,2241.25,two_year,cash,3,4.27,2024-07-23,0
905,standard,30.55,4,119.53,month-to-month,bank_transfer,2,3.22,2024-10-22,1
906,premium,57.67,36,2060.77,one_year,credit_card,1,3.45,2024-02-09,0
907,basic,12.5,71,925.94,two_year,cash,1,2.89,2024-03-24,0
908,basic,16.75,30,489.36,month-to-month,bank_transfer,1,3.66,2023-05-11,0
909,standard,29.54,8,259.09,month-to-month,credit_card,0,3.8,2023-03-10,0
910,basic,10.0,50,476.98,month-to-month,bank_transfer,0,2.72,2023-12-11,0
911,basic,10.24,28,279.62,month-to-month,credit_card,1,2.43,2023-11-16,0
912,standard,28.01,39,1102.44,two_year,bank_transfer,3,2.17,2023-06-26,0
913,basic,16.25,40,648.84,month-to-month,bank_transfer,2,3.92,2024-08-06,0
914,standard,28.01,10,284.98,two_year,bank_transfer,0,3.49,2024-06-12,0
915,basic,13.23,22,280.28,month-to-month,cash,1,3.42,2023-06-09,0
916,premium,57.29,0,0.0,two_year,bank_transfer,2,,2024-08-04,0
917,standard,28.33,45,1304.16,month-to-month,credit_card,0,2.6,2024-09-16,0
918,standard,33.99,20,670.24,month-to-month,bank_transfer,1,2.43,2024-06-16,1
919,standard,33.5,35,1178.28,month-to-month,cash,0,3.74,2023-05-15,0
920,premium,55.07,53,2932.75,one_year,credit_card,0,,2023-04-21,0
921,basic,17.26,56,972.74,one_year,credit_card,0,3.24,2023-10-10,0
922,premium,56.85,0,0.0,two_year,credit_card,0,5.0,2024-06-03,0
923,standard,29.26,62,1837.32,month-to-month,credit_card,2,2.15,2023-07-13,0
924,standard,32.58,53,1737.01,month-to-month,cash,2,3.07,2023-02-16,0
925,standard,33.03,54,1787.6,month-to-month,bank_transfer,0,1.38,2023-12-08,0
926,basic,12.14,39,476.97,month-to-month,credit_card,2,3.27,2023-08-30,1
927,standard,30.46,14,460.09,month-to-month,bank_transfer,2,5.0,2024-06-05,0
928,standard,30.43,20,594.0,two_year,credit_card,0,3.97,2024-01-05,0
929,basic,17.55,46,815.61,two_year,cash,2,2.89,2023-05-11,0
930,standard,28.67,52,1480.27,two_year,cash,0,5.0,2023-09-27,0
931,basic,13.21,8,66.95,one_year,credit_card,1,1.76,2023-03-02,0
932,basic,15.51,51,751.76,month-to-month,cash,2,3.95,2023-06-13,0
933,basic,18.54,56,1017.95,month-to-month,bank_transfer,0,3.56,2024-06-08,0
934,basic,11.4,25,271.83,month-to-month,credit_card,1,3.25,2023-09-29,1
935,standard,26.93,40,1120.66,two_year,credit_card,0,4.31,2023-05-13,0
936,basic,13.44,34,470.93,month-to-month,bank_transfer,2,2.32,2023-09-01,1
937,premium,53.97,62,3361.91,month-to-month,bank_transfer,1,3.81,2024-03-09,0
938,standard,24.7,24,580.06,month-to-month,cash,2,3.69,2023-02-07,1
939,basic,19.49,37,722.36,month-to-month,bank_transfer,0,2.63,2024-07-21,0
940,standard,29.61,1,75.73,two_year,cash,1,5.0,2023-11-15,0
941,premium,54.16,6,300.67,one_year,bank_transfer,3,3.32,2024-05-24,1
942,standard,34.87,33,1159.83,month-to-month,cash,1,3.36,2024-01-11,0
943,basic,17.15,16,306.63,two_year,bank_transfer,2,2.47,2024-07-13,0
944,premium,53.39,42,2261.7,one_year,credit_card,2,3.34,2024-09-08,0
945,standard,30.49,58,1804.45,month-to-month,bank_transfer,1,5.0,2024-04-18,0
946,basic,14.87,50,747.76,month-to-month,cash,1,3.25,2023-02-28,0
947,basic,19.35,53,1037.62,month-to-month,credit_card,0,4.02,2024-08-11,0
948,standard,29.5,23,680.7,month-to-month,cash,0,4.45,2024-05-13,1
949,basic,10.67,24,266.75,two_year,credit_card,0,3.32,2023-08-06,0
950,premium,49.37,70,3437.6,month-to-month,bank_transfer,3,3.09,2024-07-20,0
951,standard,34.43,51,1771.78,two_year,cash,2,3.97,2024-07-20,0
952,premium,52.63,69,3637.35,month-to-month,credit_card,3,3.26,2023-05-09,0
953,standard,32.01,32,1025.57,month-to-month,credit_card,1,3.17,2024-01-18,0
954,basic,15.22,48,765.49,month-to-month,bank_transfer,1,4.44,2024-01-23,0
955,basic,13.75,28,379.69,month-to-month,cash,5,3.43,2023-03-26,1
956,standard,29.22,62,1835.8,month-to-month,credit_card,2,4.71,2024-05-24,0
957,standard,34.75,21,755.9,two_year,cash,1,3.41,2024-09-18,1
958,standard,25.66,25,658.61,month-to-month,credit_card,0,2.18,2024-03-12,0
959,basic,13.84,27,354.38,one_year,cash,2,1.0,2023-10-20,1
960,basic,17.72,48,857.74,month-to-month,cash,2,1.66,2023-02-18,1
961,basic,11.15,70,819.67,month-to-month,bank_transfer,5,1.83,2023-03-08,1
962,standard,33.95,48,1593.23,month-to-month,bank_transfer,0,3.77,2023-05-09,0
963,basic,17.68,19,332.17,one_year,bank_transfer,0,2.53,2023-01-29,0
964,standard,30.82,62,1934.09,month-to-month,bank_transfer,1,1.53,2023-12-09,0
965,standard,28.49,60,1707.09,month-to-month,credit_card,0,3.37,2024-06-28,0
966,premium,50.77,48,2453.16,one_year,credit_card,1,2.42,2023-04-29,0
967,standard,32.12,70,2276.58,month-to-month,credit_card,2,3.96,2024-11-22,0
968,basic,23.25,0,4.64,month-to-month,bank_transfer,1,3.94,2024-10-24,1
969,standard,30.44,12,375.46,month-to-month,credit_card,2,4.04,2023-05-13,0
970,standard,24.52,50,1227.84,two_year,bank_transfer,0,1.0,2023-11-23,0
971,standard,31.37,55,1731.31,one_year,cash,1,3.55,2023-07-04,0
972,premium,57.58,61,3554.43,month-to-month,credit_card,1,3.38,2024-05-20,0
973,premium,52.25,31,1618.47,month-to-month,bank_transfer,2,2.28,2024-10-07,1
974,basic,13.06,29,371.68,two_year,bank_transfer,0,1.36,2024-11-19,0
975,basic,12.76,28,378.12,one_year,cash,1,3.39,2024-06-17,0
976,standard,28.41,48,1346.82,month-to-month,cash,0,4.56,2023-08-29,0
977,standard,29.48,44,1284.83,two_year,cash,1,1.0,2024-08-11,1
978,basic,12.42,29,348.01,month-to-month,cash,1,2.67,2024-05-30,1
979,standard,26.29,15,389.23,month-to-month,credit_card,3,3.63,2023-06-14,1
980,standard,30.52,39,1186.04,one_year,cash,4,4.62,2024-10-01,0
981,basic,14.45,18,274.08,month-to-month,bank_transfer,0,3.19,2024-07-10,0
982,standard,28.69,17,480.88,two_year,credit_card,2,5.0,2023-08-06,0
983,premium,55.25,0,14.79,one_year,cash,0,1.7,2024-10-09,0
984,basic,10.44,46,497.52,one_year,credit_card,2,1.48,2024-11-10,0
985,standard,30.79,65,1988.28,month-to-month,bank_transfer,0,4.52,2024-08-27,0
986,standard,28.75,37,1080.6,month-to-month,credit_card,0,1.15,2023-01-05,1
987,premium,55.72,50,2804.67,month-to-month,bank_transfer,1,3.96,2024-10-29,0
988,premium,56.2,62,3449.18,one_year,bank_transfer,2,3.21,2023-03-22,0
989,standard,33.39,3,106.04,month-to-month,bank_transfer,1,2.6,2023-09-04,1
990,standard,30.31,0,0.0,month-to-month,bank_transfer,2,3.07,2024-05-07,1
991,standard,33.2,7,258.46,one_year,credit_card,0,2.21,2024-10-10,0
992,standard,29.03,28,802.51,month-to-month,cash,3,3.18,2024-01-21,1
993,basic,14.18,54,738.93,one_year,credit_card,1,3.52,2024-07-28,0
994,basic,14.73,2,28.86,month-to-month,bank_transfer,3,,2023-11-03,1
995,basic,17.32,31,518.98,two_year,cash,1,2.92,2024-09-19,0
996,standard,31.89,9,304.0,month-to-month,cash,2,3.75,2024-09-16,1
997,basic,15.41,33,492.36,month-to-month,bank_transfer,5,5.0,2024-06-26,1
998,premium,51.32,54,2770.93,month-to-month,bank_transfer,0,3.23,2023-01-07,0
999,basic,16.84,31,,month-to-month,cash,2,4.32,2024-05-29,0
1000,basic,12.42,49,630.55,one_year,cash,2,2.53,2024-07-21,0
